{
  "class": "ADC",
  "schemaVersion": "3.2.0",
  "id": "5489432",
  "label": "ASM_policy_external_URL",
  "remark": "ASM_policy_external_URL",
  "controls": {
    "class": "Controls",
    "trace": true,
    "logLevel": "debug"
  },
  "Sample_13a": {
    "class": "Tenant",
    "HTTP_Service": {
      "class": "Application",
      "template": "http",
      "serviceMain": {
        "class": "Service_HTTP",
        "virtualAddresses": [
          "10.216.8.8"
        ],
        "snat": "auto",
        "pool": "Pool1",
        "policyWAF": {
          "use": "My_ASM_Policy"
        }
      },
      "Pool1": {
        "class": "Pool",
        "monitors": [
          "http"
        ],
        "members": [
          {
            "servicePort": 8001,
            "serverAddresses": [
              "10.10.10.143"
            ]
          },
          {
            "servicePort": 8002,
            "serverAddresses": [
              "10.10.10.144"
            ]
          }
        ]
      },
      "My_ASM_Policy": {
        "class": "WAF_Policy",
        "url": "https://raw.githubusercontent.com/f5devcentral/f5-asm-policy-templates/master/owasp_ready_template/owasp-auto-tune-v1.1.xml",
        "ignoreChanges": true
      }
    }
  }
}