{
    "schemaVersion": "1.0.0",
    "class": "Device",
    "async": true,
    "label": "Onboard BIG-IP standalone 1nic",
    "Common": {
        "class": "Tenant",
        "hostname": "f5awaf.example.com",
        "dbVars": {
            "class": "DbVariables",
            "ui.advisory.enabled": true,
            "ui.advisory.color": "green",
            "ui.advisory.text": "/Common/hostname"
        },
        "myDns": {
            "class": "DNS",
            "nameServers": [
                "8.8.8.8"
            ],
            "search": [
                "f5.com"
            ]
        },
        "myNtp": {
            "class": "NTP",
            "servers": [
                "1.pool.ntp.org",
                "2.pool.ntp.org"
            ],
            "timezone": "UTC"
        },
        "myProvisioning": {
            "class": "Provision",
            "ltm": "nominal",
            "asm": "nominal"
        },
        "default": {
            "class": "Route",
            "gw": "10.216.8.1",
            "network": "default",
            "mtu": 1500
        }
    }
}